company_number,company_name,id,title,data_type,description,opencorporates_url,total_count,url
72505,UNILEVER HOME & PERSONAL CARE (IRELAND) LIMITED,8034560,Official Journal Notice (Ireland),OfficialJournalNotice,THE COMPANIES ACTS 1963-2005 SPECIAL RESOLUTION OF,https://opencorporates.com/data/8034560,1,https://opencorporates.com/companies/ie/72505/data
373998,JACKSON WINE ESTATES INTERNATIONAL LIMITED,9703278,Company Address,CompanyAddress,"Grand Canal Quay,, c/o The Malting Tower, Dublin 2, IE",https://opencorporates.com/data/9703278,9,https://opencorporates.com/companies/ie/373998/data
373998,JACKSON WINE ESTATES INTERNATIONAL LIMITED,9703278,Company Address,CompanyAddress,"Grand Canal Quay,, c/o The Malting Tower, Dublin 2, IE",https://opencorporates.com/data/9703278,9,https://opencorporates.com/companies/ie/373998/data
373998,JACKSON WINE ESTATES INTERNATIONAL LIMITED,9703278,Company Address,CompanyAddress,"Grand Canal Quay,, c/o The Malting Tower, Dublin 2, IE",https://opencorporates.com/data/9703278,9,https://opencorporates.com/companies/ie/373998/data
373998,JACKSON WINE ESTATES INTERNATIONAL LIMITED,9703278,Company Address,CompanyAddress,"Grand Canal Quay,, c/o The Malting Tower, Dublin 2, IE",https://opencorporates.com/data/9703278,9,https://opencorporates.com/companies/ie/373998/data
373998,JACKSON WINE ESTATES INTERNATIONAL LIMITED,9703278,Company Address,CompanyAddress,"Grand Canal Quay,, c/o The Malting Tower, Dublin 2, IE",https://opencorporates.com/data/9703278,9,https://opencorporates.com/companies/ie/373998/data
373998,JACKSON WINE ESTATES INTERNATIONAL LIMITED,9703278,Company Address,CompanyAddress,"Grand Canal Quay,, c/o The Malting Tower, Dublin 2, IE",https://opencorporates.com/data/9703278,9,https://opencorporates.com/companies/ie/373998/data
373998,JACKSON WINE ESTATES INTERNATIONAL LIMITED,9703278,Company Address,CompanyAddress,"Grand Canal Quay,, c/o The Malting Tower, Dublin 2, IE",https://opencorporates.com/data/9703278,9,https://opencorporates.com/companies/ie/373998/data
373998,JACKSON WINE ESTATES INTERNATIONAL LIMITED,9703278,Company Address,CompanyAddress,"Grand Canal Quay,, c/o The Malting Tower, Dublin 2, IE",https://opencorporates.com/data/9703278,9,https://opencorporates.com/companies/ie/373998/data
373998,JACKSON WINE ESTATES INTERNATIONAL LIMITED,9703278,Company Address,CompanyAddress,"Grand Canal Quay,, c/o The Malting Tower, Dublin 2, IE",https://opencorporates.com/data/9703278,9,https://opencorporates.com/companies/ie/373998/data
466162,WALMART WHOLESALE LIMITED,8051993,Official Journal Notice (Ireland),OfficialJournalNotice,IN THE MATTER OF THE COMPANIES ACTS 1963-2009 AND,https://opencorporates.com/data/8051993,1,https://opencorporates.com/companies/ie/466162/data
477632,AVOLON (AEROSPACE) LIMITED,8051469,Official Journal Notice (Ireland),OfficialJournalNotice,"1078 IRIS OIFIGIU´IL, AUGUST 5th, 2011 IN THE MATT",https://opencorporates.com/data/8051469,1,https://opencorporates.com/companies/ie/477632/data
462101,EREPUBLIK LABS. LIMITED,25248166,Company Address,CompanyAddress,"Unit 4, Block A,, Broomfield Business Park,, Malahide, Co Dublin K36 RF83, IE",https://opencorporates.com/data/25248166,1,https://opencorporates.com/companies/ie/462101/data
331986,NYPRO (WATERFORD) LIMITED,8039405,Official Journal Notice (Ireland),OfficialJournalNotice,IN THE MATTER OF NYPRO (WATERFORD) LIMITED (In Vol,https://opencorporates.com/data/8039405,2,https://opencorporates.com/companies/ie/331986/data
331986,NYPRO (WATERFORD) LIMITED,8039405,Official Journal Notice (Ireland),OfficialJournalNotice,IN THE MATTER OF NYPRO (WATERFORD) LIMITED (In Vol,https://opencorporates.com/data/8039405,2,https://opencorporates.com/companies/ie/331986/data
519799,GRIFOLS WORLDWIDE OPERATIONS LIMITED,25208663,Company Address,CompanyAddress,"Grange Castle Business Park,, Grange Castle,, Clondalkin, Dublin 22, IE",https://opencorporates.com/data/25208663,27,https://opencorporates.com/companies/ie/519799/data
519799,GRIFOLS WORLDWIDE OPERATIONS LIMITED,25208663,Company Address,CompanyAddress,"Grange Castle Business Park,, Grange Castle,, Clondalkin, Dublin 22, IE",https://opencorporates.com/data/25208663,27,https://opencorporates.com/companies/ie/519799/data
519799,GRIFOLS WORLDWIDE OPERATIONS LIMITED,25208663,Company Address,CompanyAddress,"Grange Castle Business Park,, Grange Castle,, Clondalkin, Dublin 22, IE",https://opencorporates.com/data/25208663,27,https://opencorporates.com/companies/ie/519799/data
519799,GRIFOLS WORLDWIDE OPERATIONS LIMITED,25208663,Company Address,CompanyAddress,"Grange Castle Business Park,, Grange Castle,, Clondalkin, Dublin 22, IE",https://opencorporates.com/data/25208663,27,https://opencorporates.com/companies/ie/519799/data
519799,GRIFOLS WORLDWIDE OPERATIONS LIMITED,25208663,Company Address,CompanyAddress,"Grange Castle Business Park,, Grange Castle,, Clondalkin, Dublin 22, IE",https://opencorporates.com/data/25208663,27,https://opencorporates.com/companies/ie/519799/data
519799,GRIFOLS WORLDWIDE OPERATIONS LIMITED,25208663,Company Address,CompanyAddress,"Grange Castle Business Park,, Grange Castle,, Clondalkin, Dublin 22, IE",https://opencorporates.com/data/25208663,27,https://opencorporates.com/companies/ie/519799/data
519799,GRIFOLS WORLDWIDE OPERATIONS LIMITED,25208663,Company Address,CompanyAddress,"Grange Castle Business Park,, Grange Castle,, Clondalkin, Dublin 22, IE",https://opencorporates.com/data/25208663,27,https://opencorporates.com/companies/ie/519799/data
519799,GRIFOLS WORLDWIDE OPERATIONS LIMITED,25208663,Company Address,CompanyAddress,"Grange Castle Business Park,, Grange Castle,, Clondalkin, Dublin 22, IE",https://opencorporates.com/data/25208663,27,https://opencorporates.com/companies/ie/519799/data
519799,GRIFOLS WORLDWIDE OPERATIONS LIMITED,25208663,Company Address,CompanyAddress,"Grange Castle Business Park,, Grange Castle,, Clondalkin, Dublin 22, IE",https://opencorporates.com/data/25208663,27,https://opencorporates.com/companies/ie/519799/data
519799,GRIFOLS WORLDWIDE OPERATIONS LIMITED,25208663,Company Address,CompanyAddress,"Grange Castle Business Park,, Grange Castle,, Clondalkin, Dublin 22, IE",https://opencorporates.com/data/25208663,27,https://opencorporates.com/companies/ie/519799/data
343092,NEWPORT PHARMACEUTICALS LIMITED,5555795,Company Address,CompanyAddress,"A4, Swords Enterprise Park,, Feltrim Road, Swords, County Dublin, IE",https://opencorporates.com/data/5555795,5,https://opencorporates.com/companies/ie/343092/data
343092,NEWPORT PHARMACEUTICALS LIMITED,5555795,Company Address,CompanyAddress,"A4, Swords Enterprise Park,, Feltrim Road, Swords, County Dublin, IE",https://opencorporates.com/data/5555795,5,https://opencorporates.com/companies/ie/343092/data
343092,NEWPORT PHARMACEUTICALS LIMITED,5555795,Company Address,CompanyAddress,"A4, Swords Enterprise Park,, Feltrim Road, Swords, County Dublin, IE",https://opencorporates.com/data/5555795,5,https://opencorporates.com/companies/ie/343092/data
343092,NEWPORT PHARMACEUTICALS LIMITED,5555795,Company Address,CompanyAddress,"A4, Swords Enterprise Park,, Feltrim Road, Swords, County Dublin, IE",https://opencorporates.com/data/5555795,5,https://opencorporates.com/companies/ie/343092/data
343092,NEWPORT PHARMACEUTICALS LIMITED,5555795,Company Address,CompanyAddress,"A4, Swords Enterprise Park,, Feltrim Road, Swords, County Dublin, IE",https://opencorporates.com/data/5555795,5,https://opencorporates.com/companies/ie/343092/data
511825,AIRBNB IRELAND UNLIMITED COMPANY,8635246,Website,Website,https://www.airbnb.co.uk/,https://opencorporates.com/data/8635246,2,https://opencorporates.com/companies/ie/511825/data
511825,AIRBNB IRELAND UNLIMITED COMPANY,8635246,Website,Website,https://www.airbnb.co.uk/,https://opencorporates.com/data/8635246,2,https://opencorporates.com/companies/ie/511825/data
335478,MEMJET TECHNOLOGY LIMITED,5664817,Company Address,CompanyAddress,"61-62 Fitzwilliam Lane, Dublin 2, IE",https://opencorporates.com/data/5664817,1,https://opencorporates.com/companies/ie/335478/data
243929,BROWN BAG FILMS UNLIMITED COMPANY,8192522,Company Address,CompanyAddress,"1st Floor, Block F, Smithfield Market, Smithfield Market, Dublin 7, IE",https://opencorporates.com/data/8192522,3,https://opencorporates.com/companies/ie/243929/data
243929,BROWN BAG FILMS UNLIMITED COMPANY,8192522,Company Address,CompanyAddress,"1st Floor, Block F, Smithfield Market, Smithfield Market, Dublin 7, IE",https://opencorporates.com/data/8192522,3,https://opencorporates.com/companies/ie/243929/data
243929,BROWN BAG FILMS UNLIMITED COMPANY,8192522,Company Address,CompanyAddress,"1st Floor, Block F, Smithfield Market, Smithfield Market, Dublin 7, IE",https://opencorporates.com/data/8192522,3,https://opencorporates.com/companies/ie/243929/data
197099,MECO FAR EAST TRADING LIMITED,8027679,Official Journal Notice (Ireland),OfficialJournalNotice,"218 IRIS OIFIGIU´IL, FEBRUARY 17th, 2004 IN THE MA",https://opencorporates.com/data/8027679,2,https://opencorporates.com/companies/ie/197099/data
197099,MECO FAR EAST TRADING LIMITED,8027679,Official Journal Notice (Ireland),OfficialJournalNotice,"218 IRIS OIFIGIU´IL, FEBRUARY 17th, 2004 IN THE MA",https://opencorporates.com/data/8027679,2,https://opencorporates.com/companies/ie/197099/data
557454,TWILIO IRELAND LIMITED,26211677,Company Address,CompanyAddress,"25-28 North Wall Quay, Dublin 1, IE",https://opencorporates.com/data/26211677,1,https://opencorporates.com/companies/ie/557454/data
138655,FOAMALITE LIMITED,9935943,Company Address,CompanyAddress,"Loch Gowna, Co. Cavan, IE",https://opencorporates.com/data/9935943,1,https://opencorporates.com/companies/ie/138655/data
463103,SMARTBOX GROUP LIMITED,5565727,Company Address,CompanyAddress,"Joyce's Court,, Block A, Talbot St, Dublin 1, D01 FV59, IE",https://opencorporates.com/data/5565727,7,https://opencorporates.com/companies/ie/463103/data
463103,SMARTBOX GROUP LIMITED,5565727,Company Address,CompanyAddress,"Joyce's Court,, Block A, Talbot St, Dublin 1, D01 FV59, IE",https://opencorporates.com/data/5565727,7,https://opencorporates.com/companies/ie/463103/data
463103,SMARTBOX GROUP LIMITED,5565727,Company Address,CompanyAddress,"Joyce's Court,, Block A, Talbot St, Dublin 1, D01 FV59, IE",https://opencorporates.com/data/5565727,7,https://opencorporates.com/companies/ie/463103/data
463103,SMARTBOX GROUP LIMITED,5565727,Company Address,CompanyAddress,"Joyce's Court,, Block A, Talbot St, Dublin 1, D01 FV59, IE",https://opencorporates.com/data/5565727,7,https://opencorporates.com/companies/ie/463103/data
463103,SMARTBOX GROUP LIMITED,5565727,Company Address,CompanyAddress,"Joyce's Court,, Block A, Talbot St, Dublin 1, D01 FV59, IE",https://opencorporates.com/data/5565727,7,https://opencorporates.com/companies/ie/463103/data
463103,SMARTBOX GROUP LIMITED,5565727,Company Address,CompanyAddress,"Joyce's Court,, Block A, Talbot St, Dublin 1, D01 FV59, IE",https://opencorporates.com/data/5565727,7,https://opencorporates.com/companies/ie/463103/data
463103,SMARTBOX GROUP LIMITED,5565727,Company Address,CompanyAddress,"Joyce's Court,, Block A, Talbot St, Dublin 1, D01 FV59, IE",https://opencorporates.com/data/5565727,7,https://opencorporates.com/companies/ie/463103/data
112449,MUNICH RE AUTOMATION SOLUTIONS LIMITED,5522804,Company Address,CompanyAddress,"Mountain View - Central Park,, Leopardstown, Dublin 18, IE",https://opencorporates.com/data/5522804,1,https://opencorporates.com/companies/ie/112449/data
348819,DEPFA BANK PUBLIC LIMITED COMPANY,2455137,Company Address,CompanyAddress,"INTERNATIONAL HOUSE, 3 HORBOURMASTER PLACE, DUBLIN L2 00000",https://opencorporates.com/data/2455137,8,https://opencorporates.com/companies/ie/348819/data
348819,DEPFA BANK PUBLIC LIMITED COMPANY,2455137,Company Address,CompanyAddress,"INTERNATIONAL HOUSE, 3 HORBOURMASTER PLACE, DUBLIN L2 00000",https://opencorporates.com/data/2455137,8,https://opencorporates.com/companies/ie/348819/data
348819,DEPFA BANK PUBLIC LIMITED COMPANY,2455137,Company Address,CompanyAddress,"INTERNATIONAL HOUSE, 3 HORBOURMASTER PLACE, DUBLIN L2 00000",https://opencorporates.com/data/2455137,8,https://opencorporates.com/companies/ie/348819/data
348819,DEPFA BANK PUBLIC LIMITED COMPANY,2455137,Company Address,CompanyAddress,"INTERNATIONAL HOUSE, 3 HORBOURMASTER PLACE, DUBLIN L2 00000",https://opencorporates.com/data/2455137,8,https://opencorporates.com/companies/ie/348819/data
348819,DEPFA BANK PUBLIC LIMITED COMPANY,2455137,Company Address,CompanyAddress,"INTERNATIONAL HOUSE, 3 HORBOURMASTER PLACE, DUBLIN L2 00000",https://opencorporates.com/data/2455137,8,https://opencorporates.com/companies/ie/348819/data
348819,DEPFA BANK PUBLIC LIMITED COMPANY,2455137,Company Address,CompanyAddress,"INTERNATIONAL HOUSE, 3 HORBOURMASTER PLACE, DUBLIN L2 00000",https://opencorporates.com/data/2455137,8,https://opencorporates.com/companies/ie/348819/data
348819,DEPFA BANK PUBLIC LIMITED COMPANY,2455137,Company Address,CompanyAddress,"INTERNATIONAL HOUSE, 3 HORBOURMASTER PLACE, DUBLIN L2 00000",https://opencorporates.com/data/2455137,8,https://opencorporates.com/companies/ie/348819/data
348819,DEPFA BANK PUBLIC LIMITED COMPANY,2455137,Company Address,CompanyAddress,"INTERNATIONAL HOUSE, 3 HORBOURMASTER PLACE, DUBLIN L2 00000",https://opencorporates.com/data/2455137,8,https://opencorporates.com/companies/ie/348819/data
448848,ALKERMES PHARMA IRELAND LIMITED,5898470,Company Address,CompanyAddress,"Connaught House 1,, Burlington Road, Dublin 4, IE",https://opencorporates.com/data/5898470,5,https://opencorporates.com/companies/ie/448848/data
448848,ALKERMES PHARMA IRELAND LIMITED,5898470,Company Address,CompanyAddress,"Connaught House 1,, Burlington Road, Dublin 4, IE",https://opencorporates.com/data/5898470,5,https://opencorporates.com/companies/ie/448848/data
448848,ALKERMES PHARMA IRELAND LIMITED,5898470,Company Address,CompanyAddress,"Connaught House 1,, Burlington Road, Dublin 4, IE",https://opencorporates.com/data/5898470,5,https://opencorporates.com/companies/ie/448848/data
448848,ALKERMES PHARMA IRELAND LIMITED,5898470,Company Address,CompanyAddress,"Connaught House 1,, Burlington Road, Dublin 4, IE",https://opencorporates.com/data/5898470,5,https://opencorporates.com/companies/ie/448848/data
448848,ALKERMES PHARMA IRELAND LIMITED,5898470,Company Address,CompanyAddress,"Connaught House 1,, Burlington Road, Dublin 4, IE",https://opencorporates.com/data/5898470,5,https://opencorporates.com/companies/ie/448848/data
478477,STORYFUL LIMITED,9956904,Website,Website,http://storyful.com/,https://opencorporates.com/data/9956904,1,https://opencorporates.com/companies/ie/478477/data
361035,ASSOCIATE NAILS (BLACKROCK) LIMITED,8032921,Official Journal Notice (Ireland),OfficialJournalNotice,IN THE MATTER OF ASSOCIATE NAILS (BLACKROCK) LIMIT,https://opencorporates.com/data/8032921,1,https://opencorporates.com/companies/ie/361035/data
153462,NORTHERN TRUST INVESTOR SERVICES (IRELAND) LIMITED,8045131,Official Journal Notice (Ireland),OfficialJournalNotice,IN THE MATTER OF NORTHERN TRUST INVESTOR SERVICES,https://opencorporates.com/data/8045131,2,https://opencorporates.com/companies/ie/153462/data
153462,NORTHERN TRUST INVESTOR SERVICES (IRELAND) LIMITED,8045131,Official Journal Notice (Ireland),OfficialJournalNotice,IN THE MATTER OF NORTHERN TRUST INVESTOR SERVICES,https://opencorporates.com/data/8045131,2,https://opencorporates.com/companies/ie/153462/data
153019,NORTHERN TRUST CUSTODIAL SERVICES (IRELAND) LIMITED,8045128,Official Journal Notice (Ireland),OfficialJournalNotice,IN THE MATTER OF THE COMPANIES ACTS 1963-2006 AND,https://opencorporates.com/data/8045128,2,https://opencorporates.com/companies/ie/153019/data
153019,NORTHERN TRUST CUSTODIAL SERVICES (IRELAND) LIMITED,8045128,Official Journal Notice (Ireland),OfficialJournalNotice,IN THE MATTER OF THE COMPANIES ACTS 1963-2006 AND,https://opencorporates.com/data/8045128,2,https://opencorporates.com/companies/ie/153019/data
298520,STRATUS TECHNOLOGIES IRELAND LIMITED,4725188,Company Address,CompanyAddress,"INTERNATIONAL FINANCIAL SERVICES CENTER, 25/28 NORTH WALL QUAY, DUBLIN L2 1",https://opencorporates.com/data/4725188,3,https://opencorporates.com/companies/ie/298520/data
298520,STRATUS TECHNOLOGIES IRELAND LIMITED,4725188,Company Address,CompanyAddress,"INTERNATIONAL FINANCIAL SERVICES CENTER, 25/28 NORTH WALL QUAY, DUBLIN L2 1",https://opencorporates.com/data/4725188,3,https://opencorporates.com/companies/ie/298520/data
298520,STRATUS TECHNOLOGIES IRELAND LIMITED,4725188,Company Address,CompanyAddress,"INTERNATIONAL FINANCIAL SERVICES CENTER, 25/28 NORTH WALL QUAY, DUBLIN L2 1",https://opencorporates.com/data/4725188,3,https://opencorporates.com/companies/ie/298520/data
51950,AERCAP IRELAND LIMITED,8049132,Official Journal Notice (Ireland),OfficialJournalNotice,THE HIGH COURT 2010 No. 706 COS IN THE MATTER OF A,https://opencorporates.com/data/8049132,2,https://opencorporates.com/companies/ie/51950/data
51950,AERCAP IRELAND LIMITED,8049132,Official Journal Notice (Ireland),OfficialJournalNotice,THE HIGH COURT 2010 No. 706 COS IN THE MATTER OF A,https://opencorporates.com/data/8049132,2,https://opencorporates.com/companies/ie/51950/data
97537,IBM IRELAND INFORMATION SERVICES LIMITED,8047730,Official Journal Notice (Ireland),OfficialJournalNotice,IN THE MATTER OF IBM IRELAND INFORMATION SERVICES,https://opencorporates.com/data/8047730,1,https://opencorporates.com/companies/ie/97537/data
296811,IBM INTERNATIONAL IRISH HOLDINGS LIMITED,8042795,Official Journal Notice (Ireland),OfficialJournalNotice,IN THE MATTER OF IBM INTERNATIONAL IRISH HOLDINGS,https://opencorporates.com/data/8042795,1,https://opencorporates.com/companies/ie/296811/data
175099,IBM INTERNATIONAL HOLDINGS FACTORING COMPANY LIMITED,8042793,Official Journal Notice (Ireland),OfficialJournalNotice,IN THE MATTER OF IBM INTERNATIONAL HOLDINGS FACTOR,https://opencorporates.com/data/8042793,1,https://opencorporates.com/companies/ie/175099/data
342518,IBM BTO IRELAND LIMITED,8047075,Official Journal Notice (Ireland),OfficialJournalNotice,IN THE MATTER OF IBM BTO IRELAND LIMITED AND IN TH,https://opencorporates.com/data/8047075,1,https://opencorporates.com/companies/ie/342518/data
356344,MCKESSON INTERNATIONAL IRELAND LIMITED,8038087,Official Journal Notice (Ireland),OfficialJournalNotice,IN THE MATTER OF THE COMPANIES ACTS 1963-2007 AND,https://opencorporates.com/data/8038087,1,https://opencorporates.com/companies/ie/356344/data
337336,MCKESSON INFORMATION SOLUTIONS HOLDINGS LIMITED,8038109,Official Journal Notice (Ireland),OfficialJournalNotice,IN THE MATTER OF THE COMPANIES ACTS 1963-2007 AND,https://opencorporates.com/data/8038109,1,https://opencorporates.com/companies/ie/337336/data
25542,ELEMENT SIX (TRADE MARKS) LIMITED,6050219,Company Address,CompanyAddress,"Shannon Airport, County Clare, IE",https://opencorporates.com/data/6050219,1,https://opencorporates.com/companies/ie/25542/data
275060,SAGE TECHNOLOGIES LIMITED,8253836,Telephone Number,TelephoneNumber,Number: +353 016187800,https://opencorporates.com/data/8253836,2,https://opencorporates.com/companies/ie/275060/data
275060,SAGE TECHNOLOGIES LIMITED,8253836,Telephone Number,TelephoneNumber,Number: +353 016187800,https://opencorporates.com/data/8253836,2,https://opencorporates.com/companies/ie/275060/data
554153,LONELY PLANET GLOBAL LIMITED,5494911,Company Address,CompanyAddress,"Unita E Digital Court,, Rainsford Street, Dublin 8, IE",https://opencorporates.com/data/5494911,8,https://opencorporates.com/companies/ie/554153/data
554153,LONELY PLANET GLOBAL LIMITED,5494911,Company Address,CompanyAddress,"Unita E Digital Court,, Rainsford Street, Dublin 8, IE",https://opencorporates.com/data/5494911,8,https://opencorporates.com/companies/ie/554153/data
554153,LONELY PLANET GLOBAL LIMITED,5494911,Company Address,CompanyAddress,"Unita E Digital Court,, Rainsford Street, Dublin 8, IE",https://opencorporates.com/data/5494911,8,https://opencorporates.com/companies/ie/554153/data
554153,LONELY PLANET GLOBAL LIMITED,5494911,Company Address,CompanyAddress,"Unita E Digital Court,, Rainsford Street, Dublin 8, IE",https://opencorporates.com/data/5494911,8,https://opencorporates.com/companies/ie/554153/data
554153,LONELY PLANET GLOBAL LIMITED,5494911,Company Address,CompanyAddress,"Unita E Digital Court,, Rainsford Street, Dublin 8, IE",https://opencorporates.com/data/5494911,8,https://opencorporates.com/companies/ie/554153/data
554153,LONELY PLANET GLOBAL LIMITED,5494911,Company Address,CompanyAddress,"Unita E Digital Court,, Rainsford Street, Dublin 8, IE",https://opencorporates.com/data/5494911,8,https://opencorporates.com/companies/ie/554153/data
554153,LONELY PLANET GLOBAL LIMITED,5494911,Company Address,CompanyAddress,"Unita E Digital Court,, Rainsford Street, Dublin 8, IE",https://opencorporates.com/data/5494911,8,https://opencorporates.com/companies/ie/554153/data
554153,LONELY PLANET GLOBAL LIMITED,5494911,Company Address,CompanyAddress,"Unita E Digital Court,, Rainsford Street, Dublin 8, IE",https://opencorporates.com/data/5494911,8,https://opencorporates.com/companies/ie/554153/data
498284,ALKERMES PUBLIC LIMITED COMPANY,4775726,SEC Edgar entry,OfficialRegisterEntry,register id: 1520262,https://opencorporates.com/data/4775726,3,https://opencorporates.com/companies/ie/498284/data
498284,ALKERMES PUBLIC LIMITED COMPANY,4775726,SEC Edgar entry,OfficialRegisterEntry,register id: 1520262,https://opencorporates.com/data/4775726,3,https://opencorporates.com/companies/ie/498284/data
498284,ALKERMES PUBLIC LIMITED COMPANY,4775726,SEC Edgar entry,OfficialRegisterEntry,register id: 1520262,https://opencorporates.com/data/4775726,3,https://opencorporates.com/companies/ie/498284/data
463232,GERSON LEHRMAN GROUP (IRELAND) LIMITED,8104055,Telephone Number,TelephoneNumber,Number: +353 19014911,https://opencorporates.com/data/8104055,3,https://opencorporates.com/companies/ie/463232/data
463232,GERSON LEHRMAN GROUP (IRELAND) LIMITED,8104055,Telephone Number,TelephoneNumber,Number: +353 19014911,https://opencorporates.com/data/8104055,3,https://opencorporates.com/companies/ie/463232/data
463232,GERSON LEHRMAN GROUP (IRELAND) LIMITED,8104055,Telephone Number,TelephoneNumber,Number: +353 19014911,https://opencorporates.com/data/8104055,3,https://opencorporates.com/companies/ie/463232/data
307152,SS&C WEALTH AND INSURANCE IRELAND LIMITED,6017490,Company Address,CompanyAddress,"16 Joyce Way,, Park West Business Park, Dublin 12, IE",https://opencorporates.com/data/6017490,1,https://opencorporates.com/companies/ie/307152/data
403110,EUROPEAN REFRESHMENTS,35405100,Company Address,CompanyAddress,"Southgate, Dublin Road,, Drogheda, County Meath, IE",https://opencorporates.com/data/35405100,5,https://opencorporates.com/companies/ie/403110/data
403110,EUROPEAN REFRESHMENTS,35405100,Company Address,CompanyAddress,"Southgate, Dublin Road,, Drogheda, County Meath, IE",https://opencorporates.com/data/35405100,5,https://opencorporates.com/companies/ie/403110/data
403110,EUROPEAN REFRESHMENTS,35405100,Company Address,CompanyAddress,"Southgate, Dublin Road,, Drogheda, County Meath, IE",https://opencorporates.com/data/35405100,5,https://opencorporates.com/companies/ie/403110/data
403110,EUROPEAN REFRESHMENTS,35405100,Company Address,CompanyAddress,"Southgate, Dublin Road,, Drogheda, County Meath, IE",https://opencorporates.com/data/35405100,5,https://opencorporates.com/companies/ie/403110/data
403110,EUROPEAN REFRESHMENTS,35405100,Company Address,CompanyAddress,"Southgate, Dublin Road,, Drogheda, County Meath, IE",https://opencorporates.com/data/35405100,5,https://opencorporates.com/companies/ie/403110/data
482053,TCOAG IRELAND LIMITED,5887909,Company Address,CompanyAddress,"70 Sir John Rogerson's Quay, Dublin 2, IE",https://opencorporates.com/data/5887909,10,https://opencorporates.com/companies/ie/482053/data
482053,TCOAG IRELAND LIMITED,5887909,Company Address,CompanyAddress,"70 Sir John Rogerson's Quay, Dublin 2, IE",https://opencorporates.com/data/5887909,10,https://opencorporates.com/companies/ie/482053/data
482053,TCOAG IRELAND LIMITED,5887909,Company Address,CompanyAddress,"70 Sir John Rogerson's Quay, Dublin 2, IE",https://opencorporates.com/data/5887909,10,https://opencorporates.com/companies/ie/482053/data
482053,TCOAG IRELAND LIMITED,5887909,Company Address,CompanyAddress,"70 Sir John Rogerson's Quay, Dublin 2, IE",https://opencorporates.com/data/5887909,10,https://opencorporates.com/companies/ie/482053/data
482053,TCOAG IRELAND LIMITED,5887909,Company Address,CompanyAddress,"70 Sir John Rogerson's Quay, Dublin 2, IE",https://opencorporates.com/data/5887909,10,https://opencorporates.com/companies/ie/482053/data
482053,TCOAG IRELAND LIMITED,5887909,Company Address,CompanyAddress,"70 Sir John Rogerson's Quay, Dublin 2, IE",https://opencorporates.com/data/5887909,10,https://opencorporates.com/companies/ie/482053/data
482053,TCOAG IRELAND LIMITED,5887909,Company Address,CompanyAddress,"70 Sir John Rogerson's Quay, Dublin 2, IE",https://opencorporates.com/data/5887909,10,https://opencorporates.com/companies/ie/482053/data
482053,TCOAG IRELAND LIMITED,5887909,Company Address,CompanyAddress,"70 Sir John Rogerson's Quay, Dublin 2, IE",https://opencorporates.com/data/5887909,10,https://opencorporates.com/companies/ie/482053/data
482053,TCOAG IRELAND LIMITED,5887909,Company Address,CompanyAddress,"70 Sir John Rogerson's Quay, Dublin 2, IE",https://opencorporates.com/data/5887909,10,https://opencorporates.com/companies/ie/482053/data
482053,TCOAG IRELAND LIMITED,5887909,Company Address,CompanyAddress,"70 Sir John Rogerson's Quay, Dublin 2, IE",https://opencorporates.com/data/5887909,10,https://opencorporates.com/companies/ie/482053/data
549103,HOVIONE SCIENTIA LIMITED,26166400,Company Address,CompanyAddress,"Loughbeg, Ringaskiddy, Co. Cork, IE",https://opencorporates.com/data/26166400,3,https://opencorporates.com/companies/ie/549103/data
549103,HOVIONE SCIENTIA LIMITED,26166400,Company Address,CompanyAddress,"Loughbeg, Ringaskiddy, Co. Cork, IE",https://opencorporates.com/data/26166400,3,https://opencorporates.com/companies/ie/549103/data
549103,HOVIONE SCIENTIA LIMITED,26166400,Company Address,CompanyAddress,"Loughbeg, Ringaskiddy, Co. Cork, IE",https://opencorporates.com/data/26166400,3,https://opencorporates.com/companies/ie/549103/data
172384,DIASORIN IRELAND LIMITED,8779629,Company Address,CompanyAddress,"Uni 13/14 Holly Avenue,, Stillorgan Industrial Park, Blackrock, Co. Dublin, IE",https://opencorporates.com/data/8779629,1,https://opencorporates.com/companies/ie/172384/data
368499,MARRIOTT (IRELAND) INVESTMENTS LIMITED,8039427,Official Journal Notice (Ireland),OfficialJournalNotice,IN THE MATTER OF MARRIOTT (IRELAND) INVESTMENTS LI,https://opencorporates.com/data/8039427,1,https://opencorporates.com/companies/ie/368499/data
295495,SPENCER STUART IRELAND LIMITED,8025591,Official Journal Notice (Ireland),OfficialJournalNotice,IN THE MATTER OF SPENCER STUART IRELAND LIMITED (I,https://opencorporates.com/data/8025591,2,https://opencorporates.com/companies/ie/295495/data
295495,SPENCER STUART IRELAND LIMITED,8025591,Official Journal Notice (Ireland),OfficialJournalNotice,IN THE MATTER OF SPENCER STUART IRELAND LIMITED (I,https://opencorporates.com/data/8025591,2,https://opencorporates.com/companies/ie/295495/data
13460,ZURICH INSURANCE PUBLIC LIMITED COMPANY,5946876,Company Address,CompanyAddress,"Zurich House, Ballsbridge Park, IE-9 Dublin, IE",https://opencorporates.com/data/5946876,4,https://opencorporates.com/companies/ie/13460/data
13460,ZURICH INSURANCE PUBLIC LIMITED COMPANY,5946876,Company Address,CompanyAddress,"Zurich House, Ballsbridge Park, IE-9 Dublin, IE",https://opencorporates.com/data/5946876,4,https://opencorporates.com/companies/ie/13460/data
13460,ZURICH INSURANCE PUBLIC LIMITED COMPANY,5946876,Company Address,CompanyAddress,"Zurich House, Ballsbridge Park, IE-9 Dublin, IE",https://opencorporates.com/data/5946876,4,https://opencorporates.com/companies/ie/13460/data
13460,ZURICH INSURANCE PUBLIC LIMITED COMPANY,5946876,Company Address,CompanyAddress,"Zurich House, Ballsbridge Park, IE-9 Dublin, IE",https://opencorporates.com/data/5946876,4,https://opencorporates.com/companies/ie/13460/data
404112,EXPERIAN IRELAND INVESTMENTS (LUXEMBOURG) LIMITED,8041594,Official Journal Notice (Ireland),OfficialJournalNotice,"458 IRIS OIFIGIU´IL, APRIL 3rd, 2009 IN THE MATTER",https://opencorporates.com/data/8041594,2,https://opencorporates.com/companies/ie/404112/data
404112,EXPERIAN IRELAND INVESTMENTS (LUXEMBOURG) LIMITED,8041594,Official Journal Notice (Ireland),OfficialJournalNotice,"458 IRIS OIFIGIU´IL, APRIL 3rd, 2009 IN THE MATTER",https://opencorporates.com/data/8041594,2,https://opencorporates.com/companies/ie/404112/data
7369,SANOFI-SYNTHELABO IRELAND LIMITED,8047653,Official Journal Notice (Ireland),OfficialJournalNotice,IN THE MATTER OF SANOFI-SYNTHELABO IRELAND LIMITED,https://opencorporates.com/data/8047653,1,https://opencorporates.com/companies/ie/7369/data
387986,CAHIR (SANOFI-AVENTIS) LIMITED,8044571,Official Journal Notice (Ireland),OfficialJournalNotice,IN THE MATTER OF THE COMPANIES ACTS 1963-2009 AND,https://opencorporates.com/data/8044571,1,https://opencorporates.com/companies/ie/387986/data
356299,RECORDATI IRELAND LIMITED,6043737,Company Address,CompanyAddress,"Raheens East, Ringaskiddy, Co. Cork, IE",https://opencorporates.com/data/6043737,42,https://opencorporates.com/companies/ie/356299/data
356299,RECORDATI IRELAND LIMITED,6043737,Company Address,CompanyAddress,"Raheens East, Ringaskiddy, Co. Cork, IE",https://opencorporates.com/data/6043737,42,https://opencorporates.com/companies/ie/356299/data
356299,RECORDATI IRELAND LIMITED,6043737,Company Address,CompanyAddress,"Raheens East, Ringaskiddy, Co. Cork, IE",https://opencorporates.com/data/6043737,42,https://opencorporates.com/companies/ie/356299/data
356299,RECORDATI IRELAND LIMITED,6043737,Company Address,CompanyAddress,"Raheens East, Ringaskiddy, Co. Cork, IE",https://opencorporates.com/data/6043737,42,https://opencorporates.com/companies/ie/356299/data
356299,RECORDATI IRELAND LIMITED,6043737,Company Address,CompanyAddress,"Raheens East, Ringaskiddy, Co. Cork, IE",https://opencorporates.com/data/6043737,42,https://opencorporates.com/companies/ie/356299/data
356299,RECORDATI IRELAND LIMITED,6043737,Company Address,CompanyAddress,"Raheens East, Ringaskiddy, Co. Cork, IE",https://opencorporates.com/data/6043737,42,https://opencorporates.com/companies/ie/356299/data
356299,RECORDATI IRELAND LIMITED,6043737,Company Address,CompanyAddress,"Raheens East, Ringaskiddy, Co. Cork, IE",https://opencorporates.com/data/6043737,42,https://opencorporates.com/companies/ie/356299/data
356299,RECORDATI IRELAND LIMITED,6043737,Company Address,CompanyAddress,"Raheens East, Ringaskiddy, Co. Cork, IE",https://opencorporates.com/data/6043737,42,https://opencorporates.com/companies/ie/356299/data
356299,RECORDATI IRELAND LIMITED,6043737,Company Address,CompanyAddress,"Raheens East, Ringaskiddy, Co. Cork, IE",https://opencorporates.com/data/6043737,42,https://opencorporates.com/companies/ie/356299/data
356299,RECORDATI IRELAND LIMITED,6043737,Company Address,CompanyAddress,"Raheens East, Ringaskiddy, Co. Cork, IE",https://opencorporates.com/data/6043737,42,https://opencorporates.com/companies/ie/356299/data
297997,AMDOCS SOFTWARE SYSTEMS LIMITED,5673163,Company Address,CompanyAddress,"First Floor Block S, East Point Business Park, Dublin 3, IE",https://opencorporates.com/data/5673163,1,https://opencorporates.com/companies/ie/297997/data
268908,WATERS TECHNOLOGIES IRELAND LIMITED,5677056,Company Address,CompanyAddress,"70 Sir John Rogerson's Quay, Dublin 2, IE",https://opencorporates.com/data/5677056,1,https://opencorporates.com/companies/ie/268908/data
336228,ING RE (IRELAND) HOLDING LIMITED,8033095,Official Journal Notice (Ireland),OfficialJournalNotice,IN THE MATTER OF ING RE (IRELAND) HOLDING LIMITED,https://opencorporates.com/data/8033095,1,https://opencorporates.com/companies/ie/336228/data
272256,BOSTON SCIENTIFIC DISTRIBUTION IRELAND LIMITED,8054606,Official Journal Notice (Ireland),OfficialJournalNotice,IN THE MATTER OF BOSTON SCIENTIFIC DISTRIBUTION IR,https://opencorporates.com/data/8054606,2,https://opencorporates.com/companies/ie/272256/data
272256,BOSTON SCIENTIFIC DISTRIBUTION IRELAND LIMITED,8054606,Official Journal Notice (Ireland),OfficialJournalNotice,IN THE MATTER OF BOSTON SCIENTIFIC DISTRIBUTION IR,https://opencorporates.com/data/8054606,2,https://opencorporates.com/companies/ie/272256/data
379600,"COMMSCOPE SOLUTIONS EMEA SALES, LIMITED",8038065,Official Journal Notice (Ireland),OfficialJournalNotice,IN THE MATTER OF THE COMPANIES ACTS 1963-2006 AND,https://opencorporates.com/data/8038065,1,https://opencorporates.com/companies/ie/379600/data
260001,HEWLETT-PACKARD CUSTOMER SERVICES LIMITED,8049540,Official Journal Notice (Ireland),OfficialJournalNotice,IN THE MATTER OF HEWLETT-PACKARD CUSTOMER SERVICES,https://opencorporates.com/data/8049540,1,https://opencorporates.com/companies/ie/260001/data
259755,GILEAD SCIENCES IRELAND UC,49240868,Company Address,CompanyAddress,"IDA Business and Technology Park, Carrigtohill,  Co. Cork, IE",https://opencorporates.com/data/49240868,209,https://opencorporates.com/companies/ie/259755/data
259755,GILEAD SCIENCES IRELAND UC,49240868,Company Address,CompanyAddress,"IDA Business and Technology Park, Carrigtohill,  Co. Cork, IE",https://opencorporates.com/data/49240868,209,https://opencorporates.com/companies/ie/259755/data
259755,GILEAD SCIENCES IRELAND UC,49240868,Company Address,CompanyAddress,"IDA Business and Technology Park, Carrigtohill,  Co. Cork, IE",https://opencorporates.com/data/49240868,209,https://opencorporates.com/companies/ie/259755/data
259755,GILEAD SCIENCES IRELAND UC,49240868,Company Address,CompanyAddress,"IDA Business and Technology Park, Carrigtohill,  Co. Cork, IE",https://opencorporates.com/data/49240868,209,https://opencorporates.com/companies/ie/259755/data
259755,GILEAD SCIENCES IRELAND UC,49240868,Company Address,CompanyAddress,"IDA Business and Technology Park, Carrigtohill,  Co. Cork, IE",https://opencorporates.com/data/49240868,209,https://opencorporates.com/companies/ie/259755/data
259755,GILEAD SCIENCES IRELAND UC,49240868,Company Address,CompanyAddress,"IDA Business and Technology Park, Carrigtohill,  Co. Cork, IE",https://opencorporates.com/data/49240868,209,https://opencorporates.com/companies/ie/259755/data
259755,GILEAD SCIENCES IRELAND UC,49240868,Company Address,CompanyAddress,"IDA Business and Technology Park, Carrigtohill,  Co. Cork, IE",https://opencorporates.com/data/49240868,209,https://opencorporates.com/companies/ie/259755/data
259755,GILEAD SCIENCES IRELAND UC,49240868,Company Address,CompanyAddress,"IDA Business and Technology Park, Carrigtohill,  Co. Cork, IE",https://opencorporates.com/data/49240868,209,https://opencorporates.com/companies/ie/259755/data
259755,GILEAD SCIENCES IRELAND UC,49240868,Company Address,CompanyAddress,"IDA Business and Technology Park, Carrigtohill,  Co. Cork, IE",https://opencorporates.com/data/49240868,209,https://opencorporates.com/companies/ie/259755/data
259755,GILEAD SCIENCES IRELAND UC,49240868,Company Address,CompanyAddress,"IDA Business and Technology Park, Carrigtohill,  Co. Cork, IE",https://opencorporates.com/data/49240868,209,https://opencorporates.com/companies/ie/259755/data
233507,ALLARD SUPPORT UK LIMITED,5507920,Company Address,CompanyAddress,"I.D.A. Cluster Units, Block 2,, Coes Road, DUNDALK, CO. LOUTH, IE",https://opencorporates.com/data/5507920,2,https://opencorporates.com/companies/ie/233507/data
233507,ALLARD SUPPORT UK LIMITED,5507920,Company Address,CompanyAddress,"I.D.A. Cluster Units, Block 2,, Coes Road, DUNDALK, CO. LOUTH, IE",https://opencorporates.com/data/5507920,2,https://opencorporates.com/companies/ie/233507/data
399192,JAZZ PHARMACEUTICALS PUBLIC LIMITED COMPANY,8616938,Company Address,CompanyAddress,"4TH FLOOR, CONNAUGHT HOUSE, ONE BURLINGTON ROAD, DUBLIN L2 4",https://opencorporates.com/data/8616938,3,https://opencorporates.com/companies/ie/399192/data
399192,JAZZ PHARMACEUTICALS PUBLIC LIMITED COMPANY,8616938,Company Address,CompanyAddress,"4TH FLOOR, CONNAUGHT HOUSE, ONE BURLINGTON ROAD, DUBLIN L2 4",https://opencorporates.com/data/8616938,3,https://opencorporates.com/companies/ie/399192/data
399192,JAZZ PHARMACEUTICALS PUBLIC LIMITED COMPANY,8616938,Company Address,CompanyAddress,"4TH FLOOR, CONNAUGHT HOUSE, ONE BURLINGTON ROAD, DUBLIN L2 4",https://opencorporates.com/data/8616938,3,https://opencorporates.com/companies/ie/399192/data
276094,INTEL DISTRIBUTION IRELAND LIMITED,8036977,Official Journal Notice (Ireland),OfficialJournalNotice,IN THE MATTER OF INTEL DISTRIBUTION IRELAND LIMITE,https://opencorporates.com/data/8036977,1,https://opencorporates.com/companies/ie/276094/data
285214,INTERNATIONAL LIVING PUBLISHING LIMITED,9938255,Company Address,CompanyAddress,"Elysium House, Ballytruckle, Waterford, IE",https://opencorporates.com/data/9938255,1,https://opencorporates.com/companies/ie/285214/data
513130,BAUSCH HEALTH IRELAND LIMITED,8103116,Company Address,CompanyAddress,"3013 Lake Drive,, Citywest Business Campus, Dublin 24, IE",https://opencorporates.com/data/8103116,143,https://opencorporates.com/companies/ie/513130/data
513130,BAUSCH HEALTH IRELAND LIMITED,8103116,Company Address,CompanyAddress,"3013 Lake Drive,, Citywest Business Campus, Dublin 24, IE",https://opencorporates.com/data/8103116,143,https://opencorporates.com/companies/ie/513130/data
513130,BAUSCH HEALTH IRELAND LIMITED,8103116,Company Address,CompanyAddress,"3013 Lake Drive,, Citywest Business Campus, Dublin 24, IE",https://opencorporates.com/data/8103116,143,https://opencorporates.com/companies/ie/513130/data
513130,BAUSCH HEALTH IRELAND LIMITED,8103116,Company Address,CompanyAddress,"3013 Lake Drive,, Citywest Business Campus, Dublin 24, IE",https://opencorporates.com/data/8103116,143,https://opencorporates.com/companies/ie/513130/data
513130,BAUSCH HEALTH IRELAND LIMITED,8103116,Company Address,CompanyAddress,"3013 Lake Drive,, Citywest Business Campus, Dublin 24, IE",https://opencorporates.com/data/8103116,143,https://opencorporates.com/companies/ie/513130/data
513130,BAUSCH HEALTH IRELAND LIMITED,8103116,Company Address,CompanyAddress,"3013 Lake Drive,, Citywest Business Campus, Dublin 24, IE",https://opencorporates.com/data/8103116,143,https://opencorporates.com/companies/ie/513130/data
513130,BAUSCH HEALTH IRELAND LIMITED,8103116,Company Address,CompanyAddress,"3013 Lake Drive,, Citywest Business Campus, Dublin 24, IE",https://opencorporates.com/data/8103116,143,https://opencorporates.com/companies/ie/513130/data
513130,BAUSCH HEALTH IRELAND LIMITED,8103116,Company Address,CompanyAddress,"3013 Lake Drive,, Citywest Business Campus, Dublin 24, IE",https://opencorporates.com/data/8103116,143,https://opencorporates.com/companies/ie/513130/data
513130,BAUSCH HEALTH IRELAND LIMITED,8103116,Company Address,CompanyAddress,"3013 Lake Drive,, Citywest Business Campus, Dublin 24, IE",https://opencorporates.com/data/8103116,143,https://opencorporates.com/companies/ie/513130/data
513130,BAUSCH HEALTH IRELAND LIMITED,8103116,Company Address,CompanyAddress,"3013 Lake Drive,, Citywest Business Campus, Dublin 24, IE",https://opencorporates.com/data/8103116,143,https://opencorporates.com/companies/ie/513130/data
11542,"ABBOTT LABORATORIES, IRELAND, LIMITED",5491751,Company Address,CompanyAddress,"4051 Kingswood Drive,, Citywest Business Campus, Dublin 24, IE",https://opencorporates.com/data/5491751,3,https://opencorporates.com/companies/ie/11542/data
11542,"ABBOTT LABORATORIES, IRELAND, LIMITED",5491751,Company Address,CompanyAddress,"4051 Kingswood Drive,, Citywest Business Campus, Dublin 24, IE",https://opencorporates.com/data/5491751,3,https://opencorporates.com/companies/ie/11542/data
11542,"ABBOTT LABORATORIES, IRELAND, LIMITED",5491751,Company Address,CompanyAddress,"4051 Kingswood Drive,, Citywest Business Campus, Dublin 24, IE",https://opencorporates.com/data/5491751,3,https://opencorporates.com/companies/ie/11542/data
383866,ABBOTT IRELAND HOLDINGS LIMITED,8049391,Official Journal Notice (Ireland),OfficialJournalNotice,IN THE MATTER OF THE COMPANIES ACTS 1963-2009 AND,https://opencorporates.com/data/8049391,1,https://opencorporates.com/companies/ie/383866/data
248042,INVESTEC INVESTMENT MANAGEMENT IRELAND LIMITED,8031822,Official Journal Notice (Ireland),OfficialJournalNotice,IN THE MATTER OF INVESTEC INVESTMENT MANAGEMENT IR,https://opencorporates.com/data/8031822,1,https://opencorporates.com/companies/ie/248042/data
62740,HELSINN BIREX PHARMACEUTICALS LIMITED,5541213,Company Address,CompanyAddress,"Damastown, Mulhuddart, Dublin 15, IE",https://opencorporates.com/data/5541213,1,https://opencorporates.com/companies/ie/62740/data
68403,ECI-EUROPEAN CHEMICAL INDUSTRIES LIMITED,6072313,Company Address,CompanyAddress,"Killycard Industrial Estate, Castleblayney, Co. Monaghan, IE",https://opencorporates.com/data/6072313,1,https://opencorporates.com/companies/ie/68403/data
359451,TAKEDA PHARMA IRELAND LIMITED,8044358,Official Journal Notice (Ireland),OfficialJournalNotice,IN THE MATTER OF TAKEDA PHARMA IRELAND LIMITED (In,https://opencorporates.com/data/8044358,1,https://opencorporates.com/companies/ie/359451/data
306154,FINASTRA IRELAND LIMITED,5797686,Company Address,CompanyAddress,"61-62 Fitzwilliam Lane, Dublin 2, IE",https://opencorporates.com/data/5797686,4,https://opencorporates.com/companies/ie/306154/data
306154,FINASTRA IRELAND LIMITED,5797686,Company Address,CompanyAddress,"61-62 Fitzwilliam Lane, Dublin 2, IE",https://opencorporates.com/data/5797686,4,https://opencorporates.com/companies/ie/306154/data
306154,FINASTRA IRELAND LIMITED,5797686,Company Address,CompanyAddress,"61-62 Fitzwilliam Lane, Dublin 2, IE",https://opencorporates.com/data/5797686,4,https://opencorporates.com/companies/ie/306154/data
306154,FINASTRA IRELAND LIMITED,5797686,Company Address,CompanyAddress,"61-62 Fitzwilliam Lane, Dublin 2, IE",https://opencorporates.com/data/5797686,4,https://opencorporates.com/companies/ie/306154/data
117003,FUJITSU SERVICES ITC LIMITED,8033663,Official Journal Notice (Ireland),OfficialJournalNotice,IN THE MATTER OF FUJITSU SERVICES ITC LIMITED (In,https://opencorporates.com/data/8033663,2,https://opencorporates.com/companies/ie/117003/data
117003,FUJITSU SERVICES ITC LIMITED,8033663,Official Journal Notice (Ireland),OfficialJournalNotice,IN THE MATTER OF FUJITSU SERVICES ITC LIMITED (In,https://opencorporates.com/data/8033663,2,https://opencorporates.com/companies/ie/117003/data
554978,ACCENTURE GLOBAL SOLUTIONS LIMITED,9893713,Company Address,CompanyAddress,"3 Grand Canal Plaza,, Upper Grand Canal Street, Dublin 4, IE",https://opencorporates.com/data/9893713,3,https://opencorporates.com/companies/ie/554978/data
554978,ACCENTURE GLOBAL SOLUTIONS LIMITED,9893713,Company Address,CompanyAddress,"3 Grand Canal Plaza,, Upper Grand Canal Street, Dublin 4, IE",https://opencorporates.com/data/9893713,3,https://opencorporates.com/companies/ie/554978/data
554978,ACCENTURE GLOBAL SOLUTIONS LIMITED,9893713,Company Address,CompanyAddress,"3 Grand Canal Plaza,, Upper Grand Canal Street, Dublin 4, IE",https://opencorporates.com/data/9893713,3,https://opencorporates.com/companies/ie/554978/data
490938,PFIZER IRELAND PHARMACEUTICALS,5664578,Company Address,CompanyAddress,"Operations Support Group,, Ringaskiddy, Co. Cork, IE",https://opencorporates.com/data/5664578,4,https://opencorporates.com/companies/ie/490938/data
490938,PFIZER IRELAND PHARMACEUTICALS,5664578,Company Address,CompanyAddress,"Operations Support Group,, Ringaskiddy, Co. Cork, IE",https://opencorporates.com/data/5664578,4,https://opencorporates.com/companies/ie/490938/data
490938,PFIZER IRELAND PHARMACEUTICALS,5664578,Company Address,CompanyAddress,"Operations Support Group,, Ringaskiddy, Co. Cork, IE",https://opencorporates.com/data/5664578,4,https://opencorporates.com/companies/ie/490938/data
490938,PFIZER IRELAND PHARMACEUTICALS,5664578,Company Address,CompanyAddress,"Operations Support Group,, Ringaskiddy, Co. Cork, IE",https://opencorporates.com/data/5664578,4,https://opencorporates.com/companies/ie/490938/data
39900,SULZER PUMP SOLUTIONS IRELAND LIMITED,5597871,Company Address,CompanyAddress,"Clonard Road, Wexford, IE",https://opencorporates.com/data/5597871,12,https://opencorporates.com/companies/ie/39900/data
39900,SULZER PUMP SOLUTIONS IRELAND LIMITED,5597871,Company Address,CompanyAddress,"Clonard Road, Wexford, IE",https://opencorporates.com/data/5597871,12,https://opencorporates.com/companies/ie/39900/data
39900,SULZER PUMP SOLUTIONS IRELAND LIMITED,5597871,Company Address,CompanyAddress,"Clonard Road, Wexford, IE",https://opencorporates.com/data/5597871,12,https://opencorporates.com/companies/ie/39900/data
39900,SULZER PUMP SOLUTIONS IRELAND LIMITED,5597871,Company Address,CompanyAddress,"Clonard Road, Wexford, IE",https://opencorporates.com/data/5597871,12,https://opencorporates.com/companies/ie/39900/data
39900,SULZER PUMP SOLUTIONS IRELAND LIMITED,5597871,Company Address,CompanyAddress,"Clonard Road, Wexford, IE",https://opencorporates.com/data/5597871,12,https://opencorporates.com/companies/ie/39900/data
39900,SULZER PUMP SOLUTIONS IRELAND LIMITED,5597871,Company Address,CompanyAddress,"Clonard Road, Wexford, IE",https://opencorporates.com/data/5597871,12,https://opencorporates.com/companies/ie/39900/data
39900,SULZER PUMP SOLUTIONS IRELAND LIMITED,5597871,Company Address,CompanyAddress,"Clonard Road, Wexford, IE",https://opencorporates.com/data/5597871,12,https://opencorporates.com/companies/ie/39900/data
39900,SULZER PUMP SOLUTIONS IRELAND LIMITED,5597871,Company Address,CompanyAddress,"Clonard Road, Wexford, IE",https://opencorporates.com/data/5597871,12,https://opencorporates.com/companies/ie/39900/data
39900,SULZER PUMP SOLUTIONS IRELAND LIMITED,5597871,Company Address,CompanyAddress,"Clonard Road, Wexford, IE",https://opencorporates.com/data/5597871,12,https://opencorporates.com/companies/ie/39900/data
39900,SULZER PUMP SOLUTIONS IRELAND LIMITED,5597871,Company Address,CompanyAddress,"Clonard Road, Wexford, IE",https://opencorporates.com/data/5597871,12,https://opencorporates.com/companies/ie/39900/data
