company_number,company_name,id,title,data_type,description,opencorporates_url,total_count,url
288300,CABLEKING LIMITED,8032716,Official Journal Notice (Ireland),OfficialJournalNotice,IN THE MATTER OF CABLEKING LIMITED (In Voluntary L,https://opencorporates.com/data/8032716,1,https://opencorporates.com/companies/ie/288300/data
293898,BROSNA TRANSPORT LIMITED,8051090,Official Journal Notice (Ireland),OfficialJournalNotice,IN THE MATTER OF THE COMPANIES ACTS 1963-2009 AND,https://opencorporates.com/data/8051090,1,https://opencorporates.com/companies/ie/293898/data
47162,BROSNA PLANT LIMITED,8047007,Official Journal Notice (Ireland),OfficialJournalNotice,IN THE MATTER OF BROSNA PLANT LIMITED (In Voluntar,https://opencorporates.com/data/8047007,2,https://opencorporates.com/companies/ie/47162/data
47162,BROSNA PLANT LIMITED,8047007,Official Journal Notice (Ireland),OfficialJournalNotice,IN THE MATTER OF BROSNA PLANT LIMITED (In Voluntar,https://opencorporates.com/data/8047007,2,https://opencorporates.com/companies/ie/47162/data
134537,BROSNA MOTORS LIMITED,8031919,Official Journal Notice (Ireland),OfficialJournalNotice,IN THE MATTER OF THE COMPANIES ACTS 1963-2005 AND,https://opencorporates.com/data/8031919,1,https://opencorporates.com/companies/ie/134537/data
226309,BANKS LOVE LIMITED,8039503,Official Journal Notice (Ireland),OfficialJournalNotice,IN THE MATTER OF BANKS LOVE LIMITED (In Voluntary,https://opencorporates.com/data/8039503,1,https://opencorporates.com/companies/ie/226309/data
89052,BANK OF IRELAND TREASURY LIMITED,8054812,Official Journal Notice (Ireland),OfficialJournalNotice,ADVERTISEMENT OF NOTICE FOR CLAIMS IN THE MATTER O,https://opencorporates.com/data/8054812,2,https://opencorporates.com/companies/ie/89052/data
89052,BANK OF IRELAND TREASURY LIMITED,8054812,Official Journal Notice (Ireland),OfficialJournalNotice,ADVERTISEMENT OF NOTICE FOR CLAIMS IN THE MATTER O,https://opencorporates.com/data/8054812,2,https://opencorporates.com/companies/ie/89052/data
8545,BANK OF SCOTLAND (IRELAND) LIMITED,8038652,Official Journal Notice (Ireland),OfficialJournalNotice,COMPANIES ACTS 1963-2006 CONAL DESIGNS (IRELAND) L,https://opencorporates.com/data/8038652,32,https://opencorporates.com/companies/ie/8545/data
8545,BANK OF SCOTLAND (IRELAND) LIMITED,8038652,Official Journal Notice (Ireland),OfficialJournalNotice,COMPANIES ACTS 1963-2006 CONAL DESIGNS (IRELAND) L,https://opencorporates.com/data/8038652,32,https://opencorporates.com/companies/ie/8545/data
8545,BANK OF SCOTLAND (IRELAND) LIMITED,8038652,Official Journal Notice (Ireland),OfficialJournalNotice,COMPANIES ACTS 1963-2006 CONAL DESIGNS (IRELAND) L,https://opencorporates.com/data/8038652,32,https://opencorporates.com/companies/ie/8545/data
8545,BANK OF SCOTLAND (IRELAND) LIMITED,8038652,Official Journal Notice (Ireland),OfficialJournalNotice,COMPANIES ACTS 1963-2006 CONAL DESIGNS (IRELAND) L,https://opencorporates.com/data/8038652,32,https://opencorporates.com/companies/ie/8545/data
8545,BANK OF SCOTLAND (IRELAND) LIMITED,8038652,Official Journal Notice (Ireland),OfficialJournalNotice,COMPANIES ACTS 1963-2006 CONAL DESIGNS (IRELAND) L,https://opencorporates.com/data/8038652,32,https://opencorporates.com/companies/ie/8545/data
8545,BANK OF SCOTLAND (IRELAND) LIMITED,8038652,Official Journal Notice (Ireland),OfficialJournalNotice,COMPANIES ACTS 1963-2006 CONAL DESIGNS (IRELAND) L,https://opencorporates.com/data/8038652,32,https://opencorporates.com/companies/ie/8545/data
8545,BANK OF SCOTLAND (IRELAND) LIMITED,8038652,Official Journal Notice (Ireland),OfficialJournalNotice,COMPANIES ACTS 1963-2006 CONAL DESIGNS (IRELAND) L,https://opencorporates.com/data/8038652,32,https://opencorporates.com/companies/ie/8545/data
8545,BANK OF SCOTLAND (IRELAND) LIMITED,8038652,Official Journal Notice (Ireland),OfficialJournalNotice,COMPANIES ACTS 1963-2006 CONAL DESIGNS (IRELAND) L,https://opencorporates.com/data/8038652,32,https://opencorporates.com/companies/ie/8545/data
8545,BANK OF SCOTLAND (IRELAND) LIMITED,8038652,Official Journal Notice (Ireland),OfficialJournalNotice,COMPANIES ACTS 1963-2006 CONAL DESIGNS (IRELAND) L,https://opencorporates.com/data/8038652,32,https://opencorporates.com/companies/ie/8545/data
8545,BANK OF SCOTLAND (IRELAND) LIMITED,8038652,Official Journal Notice (Ireland),OfficialJournalNotice,COMPANIES ACTS 1963-2006 CONAL DESIGNS (IRELAND) L,https://opencorporates.com/data/8038652,32,https://opencorporates.com/companies/ie/8545/data
172686,BANK OF IRELAND OUTSOURCING SERVICES LIMITED,8056073,Official Journal Notice (Ireland),OfficialJournalNotice,IN THE MATTER OF BANK OF IRELAND OUTSOURCING SERVI,https://opencorporates.com/data/8056073,2,https://opencorporates.com/companies/ie/172686/data
172686,BANK OF IRELAND OUTSOURCING SERVICES LIMITED,8056073,Official Journal Notice (Ireland),OfficialJournalNotice,IN THE MATTER OF BANK OF IRELAND OUTSOURCING SERVI,https://opencorporates.com/data/8056073,2,https://opencorporates.com/companies/ie/172686/data
117416,BANK OF IRELAND ASSET MANAGEMENT (U.S.) LIMITED,2454727,Company Address,CompanyAddress,"40 MESPIL ROAD, DUBLIN 4, IRELAND L2",https://opencorporates.com/data/2454727,4,https://opencorporates.com/companies/ie/117416/data
117416,BANK OF IRELAND ASSET MANAGEMENT (U.S.) LIMITED,2454727,Company Address,CompanyAddress,"40 MESPIL ROAD, DUBLIN 4, IRELAND L2",https://opencorporates.com/data/2454727,4,https://opencorporates.com/companies/ie/117416/data
117416,BANK OF IRELAND ASSET MANAGEMENT (U.S.) LIMITED,2454727,Company Address,CompanyAddress,"40 MESPIL ROAD, DUBLIN 4, IRELAND L2",https://opencorporates.com/data/2454727,4,https://opencorporates.com/companies/ie/117416/data
117416,BANK OF IRELAND ASSET MANAGEMENT (U.S.) LIMITED,2454727,Company Address,CompanyAddress,"40 MESPIL ROAD, DUBLIN 4, IRELAND L2",https://opencorporates.com/data/2454727,4,https://opencorporates.com/companies/ie/117416/data
425148,BAKERS LANE MANAGEMENT LIMITED,8050095,Official Journal Notice (Ireland),OfficialJournalNotice,————— IN THE MATTER OF COMPANIES ACTS 1963-2009 AN,https://opencorporates.com/data/8050095,1,https://opencorporates.com/companies/ie/425148/data
230857,AUTOMOTIVE REBUILDERS OF SOLENOIDS AND PINIONS LIMITED,8051906,Official Journal Notice (Ireland),OfficialJournalNotice,"1272 IRIS OIFIGIU´IL, SEPTEMBER 16th, 2011 IN THE",https://opencorporates.com/data/8051906,1,https://opencorporates.com/companies/ie/230857/data
51018,AUTOMOTIVE BATTERIES IRELAND LIMITED,8040984,Official Journal Notice (Ireland),OfficialJournalNotice,IN THE MATTER OF THE COMPANIES ACTS 1963-2003 AND,https://opencorporates.com/data/8040984,1,https://opencorporates.com/companies/ie/51018/data
28070,ARCHITECTURAL WORLD LIMITED,8051300,Official Journal Notice (Ireland),OfficialJournalNotice,COMPANIES ACTS 1963-2009 NOTICE OF APPOINTMENT OF,https://opencorporates.com/data/8051300,1,https://opencorporates.com/companies/ie/28070/data
219354,ARCHITECTURAL & INDUSTRIAL COATINGS LIMITED,8046120,Official Journal Notice (Ireland),OfficialJournalNotice,IN THE MATTER OF THE COMPANIES ACTS 1963-2009 AND,https://opencorporates.com/data/8046120,1,https://opencorporates.com/companies/ie/219354/data
279655,ARCHITECTURAL AND ESTIMATING SERVICES LIMITED,8030307,Official Journal Notice (Ireland),OfficialJournalNotice,IN THE MATTER OF THE COMPANIES ACTS 1963-2001 AND,https://opencorporates.com/data/8030307,1,https://opencorporates.com/companies/ie/279655/data
153699,ARCHITECTURAL DESIGN ACCESSORIES LIMITED,8041117,Official Journal Notice (Ireland),OfficialJournalNotice,IN THE MATTER OF ARCHITECTURAL DESIGN ACCESSORIES,https://opencorporates.com/data/8041117,1,https://opencorporates.com/companies/ie/153699/data
312633,ARCHITECTURAL CONSTRUCTION LIMITED,8045672,Official Journal Notice (Ireland),OfficialJournalNotice,"428 IRIS OIFIGIÚIL, MARCH 19th, 2010 IN THE MATTER",https://opencorporates.com/data/8045672,1,https://opencorporates.com/companies/ie/312633/data
235535,SESKIN COMPANY LIMITED,8028465,Official Journal Notice (Ireland),OfficialJournalNotice,IN THE MATTER OF THE COMPANIES ACTS 1963-2001 AND,https://opencorporates.com/data/8028465,1,https://opencorporates.com/companies/ie/235535/data
369118,MULTI RISK DUBLIN LIMITED,8046699,Official Journal Notice (Ireland),OfficialJournalNotice,"IRIS OIFIGIÚIL, JUNE 25th, 2010 901 IN THE MATTER",https://opencorporates.com/data/8046699,1,https://opencorporates.com/companies/ie/369118/data
429794,KINGS ROAD MULTI MEDIA LIMITED,8043443,Official Journal Notice (Ireland),OfficialJournalNotice,"1242 IRIS OIFIGIU´IL, SEPTEMBER 22nd, 2009 IN THE",https://opencorporates.com/data/8043443,1,https://opencorporates.com/companies/ie/429794/data
356882,CLOSE MULTI MANAGER (INTERNATIONAL) LIMITED,8055242,Official Journal Notice (Ireland),OfficialJournalNotice,"654 IRIS OIFIGIU´IL, MAY 4th, 2012 IN THE MATTER O",https://opencorporates.com/data/8055242,1,https://opencorporates.com/companies/ie/356882/data
9235,UNITY GARAGE LIMITED,8029419,Official Journal Notice (Ireland),OfficialJournalNotice,IN THE MATTER OF THE COMPANIES ACTS 1963-1990 AND,https://opencorporates.com/data/8029419,1,https://opencorporates.com/companies/ie/9235/data
338595,ABM COMPUTER TRAINING LIMITED,8030894,Official Journal Notice (Ireland),OfficialJournalNotice,IN THE MATTER OF THE COMPANIES ACTS 1963-2003 AND,https://opencorporates.com/data/8030894,2,https://opencorporates.com/companies/ie/338595/data
338595,ABM COMPUTER TRAINING LIMITED,8030894,Official Journal Notice (Ireland),OfficialJournalNotice,IN THE MATTER OF THE COMPANIES ACTS 1963-2003 AND,https://opencorporates.com/data/8030894,2,https://opencorporates.com/companies/ie/338595/data
270670,GAP INSURANCE COMPANY LIMITED,8030632,Official Journal Notice (Ireland),OfficialJournalNotice,"514 IRIS OIFIGIU´IL, MAY 24th, 2005 IN THE MATTER",https://opencorporates.com/data/8030632,1,https://opencorporates.com/companies/ie/270670/data
60238,ORIFLAME RESEARCH & DEVELOPMENT LIMITED,9700672,Company Address,CompanyAddress,"1 Stokes Place, Dublin 2, IE",https://opencorporates.com/data/9700672,1,https://opencorporates.com/companies/ie/60238/data
311183,ORIFLAME HOLDING TOO LIMITED,8026611,Official Journal Notice (Ireland),OfficialJournalNotice,IN THE MATTER OF ORIFLAME HOLDING TOO LIMITED sarl,https://opencorporates.com/data/8026611,1,https://opencorporates.com/companies/ie/311183/data
355017,VIRGIL LEASE LIMITED,8031521,Official Journal Notice (Ireland),OfficialJournalNotice,IN THE MATTER OF THE COMPANIES ACTS 1963-2005 AND,https://opencorporates.com/data/8031521,1,https://opencorporates.com/companies/ie/355017/data
417092,MALC LEASE ONE (DUBLIN) LIMITED,8041524,Official Journal Notice (Ireland),OfficialJournalNotice,IN THE MATTER OF THE COMPANIES ACTS 1963-2006 AND,https://opencorporates.com/data/8041524,1,https://opencorporates.com/companies/ie/417092/data
222535,LEASE HOLDINGS LIMITED,8051310,Official Journal Notice (Ireland),OfficialJournalNotice,————— IN THE MATTER OF THE COMPANIES ACTS 1963-200,https://opencorporates.com/data/8051310,1,https://opencorporates.com/companies/ie/222535/data
247061,HUB LEASE LIMITED,8029390,Official Journal Notice (Ireland),OfficialJournalNotice,IN THE MATTER OF THE COMPANIES ACTS 1963-2003 AND,https://opencorporates.com/data/8029390,1,https://opencorporates.com/companies/ie/247061/data
905582,GENESIS LEASE LIMITED,2455355,Company Address,CompanyAddress,"4450 ATLANTIC AVENUE, WESTPARK, SHANNON L2 00000",https://opencorporates.com/data/2455355,3,https://opencorporates.com/companies/ie/905582/data
905582,GENESIS LEASE LIMITED,2455355,Company Address,CompanyAddress,"4450 ATLANTIC AVENUE, WESTPARK, SHANNON L2 00000",https://opencorporates.com/data/2455355,3,https://opencorporates.com/companies/ie/905582/data
905582,GENESIS LEASE LIMITED,2455355,Company Address,CompanyAddress,"4450 ATLANTIC AVENUE, WESTPARK, SHANNON L2 00000",https://opencorporates.com/data/2455355,3,https://opencorporates.com/companies/ie/905582/data
468227,EUROPEAN COLLATERALISED LEASE ASSET TRANSACTION LIMITED,8054804,Official Journal Notice (Ireland),OfficialJournalNotice,IN THE MATTER OF EUROPEAN COLLATERALISED LEASE ASS,https://opencorporates.com/data/8054804,1,https://opencorporates.com/companies/ie/468227/data
472872,EUROPEAN COLLATERALISED LEASE ASSET TRANSACTION 2 LIMITED,8047279,Official Journal Notice (Ireland),OfficialJournalNotice,IN THE MATTER OF EUROPEAN COLLATERALISED LEASE ASS,https://opencorporates.com/data/8047279,1,https://opencorporates.com/companies/ie/472872/data
371778,CLEARJET LEASE LIMITED,8052608,Official Journal Notice (Ireland),OfficialJournalNotice,IN THE MATTER OF CLEARJET LEASE LIMITED (In Volunt,https://opencorporates.com/data/8052608,1,https://opencorporates.com/companies/ie/371778/data
342715,CALADBORG LEASE LIMITED,8036958,Official Journal Notice (Ireland),OfficialJournalNotice,IN THE MATTER OF THE COMPANIES ACTS 1963-2006 AND,https://opencorporates.com/data/8036958,1,https://opencorporates.com/companies/ie/342715/data
510875,TEELING WHISKEY COMPANY LIMITED,8886944,Company Address,CompanyAddress,"13-17 Newmarket, Dublin 8, IE",https://opencorporates.com/data/8886944,7,https://opencorporates.com/companies/ie/510875/data
510875,TEELING WHISKEY COMPANY LIMITED,8886944,Company Address,CompanyAddress,"13-17 Newmarket, Dublin 8, IE",https://opencorporates.com/data/8886944,7,https://opencorporates.com/companies/ie/510875/data
510875,TEELING WHISKEY COMPANY LIMITED,8886944,Company Address,CompanyAddress,"13-17 Newmarket, Dublin 8, IE",https://opencorporates.com/data/8886944,7,https://opencorporates.com/companies/ie/510875/data
510875,TEELING WHISKEY COMPANY LIMITED,8886944,Company Address,CompanyAddress,"13-17 Newmarket, Dublin 8, IE",https://opencorporates.com/data/8886944,7,https://opencorporates.com/companies/ie/510875/data
510875,TEELING WHISKEY COMPANY LIMITED,8886944,Company Address,CompanyAddress,"13-17 Newmarket, Dublin 8, IE",https://opencorporates.com/data/8886944,7,https://opencorporates.com/companies/ie/510875/data
510875,TEELING WHISKEY COMPANY LIMITED,8886944,Company Address,CompanyAddress,"13-17 Newmarket, Dublin 8, IE",https://opencorporates.com/data/8886944,7,https://opencorporates.com/companies/ie/510875/data
510875,TEELING WHISKEY COMPANY LIMITED,8886944,Company Address,CompanyAddress,"13-17 Newmarket, Dublin 8, IE",https://opencorporates.com/data/8886944,7,https://opencorporates.com/companies/ie/510875/data
281007,BAE SYSTEMS APPLIED INTELLIGENCE (IRELAND) LIMITED,5934906,Company Address,CompanyAddress,"5th Floor, Chapel House,, 21-26 Parnell Street, Dublin 1, IE",https://opencorporates.com/data/5934906,1,https://opencorporates.com/companies/ie/281007/data
156071,SPANISH POINT FLYING CLUB LIMITED,8038848,Official Journal Notice (Ireland),OfficialJournalNotice,IN THE MATTER OF COMPANIES ACTS 1963-2006 AND IN T,https://opencorporates.com/data/8038848,1,https://opencorporates.com/companies/ie/156071/data
126381,FLYING GIRAFFE FREIGHT LIMITED,8026082,Official Journal Notice (Ireland),OfficialJournalNotice,IN THE MATTER OF THE COMPANIES ACTS 1963-2001 AND,https://opencorporates.com/data/8026082,1,https://opencorporates.com/companies/ie/126381/data
290335,NATIONWIDE TRANSPORT LIMITED,8025718,Official Journal Notice (Ireland),OfficialJournalNotice,"IN THE MATTER OF THE COMPANIES ACTS, 1963-2001 AND",https://opencorporates.com/data/8025718,1,https://opencorporates.com/companies/ie/290335/data
376856,NATIONWIDE SCAFFOLDING LIMITED,8046184,Official Journal Notice (Ireland),OfficialJournalNotice,IN THE MATTER OF THE COMPANIES ACTS 1963-2009 AND,https://opencorporates.com/data/8046184,1,https://opencorporates.com/companies/ie/376856/data
224907,NATIONWIDE FITTED KITCHENS LIMITED,8036814,Official Journal Notice (Ireland),OfficialJournalNotice,"1158 IRIS OIFIGIU´IL, OCTOBER 19th, 2007 IN THE MA",https://opencorporates.com/data/8036814,1,https://opencorporates.com/companies/ie/224907/data
341985,NATIONWIDE FINISHING LIMITED,8025642,Official Journal Notice (Ireland),OfficialJournalNotice,"406 IRIS OIFIGIU´IL, MAY 6th, 2003 IN THE MATTER O",https://opencorporates.com/data/8025642,1,https://opencorporates.com/companies/ie/341985/data
475135,NATIONWIDE EXPRESS LIMITED,8054471,Official Journal Notice (Ireland),OfficialJournalNotice,"322 IRIS OIFIGIU´IL, MARCH 2nd, 2012 THE HIGH COUR",https://opencorporates.com/data/8054471,2,https://opencorporates.com/companies/ie/475135/data
475135,NATIONWIDE EXPRESS LIMITED,8054471,Official Journal Notice (Ireland),OfficialJournalNotice,"322 IRIS OIFIGIU´IL, MARCH 2nd, 2012 THE HIGH COUR",https://opencorporates.com/data/8054471,2,https://opencorporates.com/companies/ie/475135/data
323068,CRYSTAL VOICE AND DATA LIMITED,8026710,Official Journal Notice (Ireland),OfficialJournalNotice,IN THE MATTER OF CRYSTAL VOICE AND DATA LIMITED (I,https://opencorporates.com/data/8026710,1,https://opencorporates.com/companies/ie/323068/data
363513,CRYSTAL FUNDING LIMITED,8037394,Official Journal Notice (Ireland),OfficialJournalNotice,IN THE MATTER OF CRYSTAL FUNDING LIMITED (In Volun,https://opencorporates.com/data/8037394,1,https://opencorporates.com/companies/ie/363513/data
408226,CRYSTAL CLEAR SKINCARE LIMITED,8044196,Official Journal Notice (Ireland),OfficialJournalNotice,IN THE MATTER OF CRYSTAL CLEAR SKINCARE LIMITED (I,https://opencorporates.com/data/8044196,1,https://opencorporates.com/companies/ie/408226/data
398342,CLS CRYSTAL PARTNERS LIMITED,8056709,Official Journal Notice (Ireland),OfficialJournalNotice,THE HIGH COURT 2012 No. 242 COS IN THE MATTER OF C,https://opencorporates.com/data/8056709,1,https://opencorporates.com/companies/ie/398342/data
247534,OASIS INFORMATION SYSTEMS LIMITED,8045165,Official Journal Notice (Ireland),OfficialJournalNotice,IN THE MATTER OF THE COMPANIES ACTS 1963-2009 AND,https://opencorporates.com/data/8045165,1,https://opencorporates.com/companies/ie/247534/data
262285,IRISH UNIVERSAL IMPORTS LIMITED,8041846,Official Journal Notice (Ireland),OfficialJournalNotice,IN THE MATTER OF THE COMPANIES ACTS 1963-2006 AND,https://opencorporates.com/data/8041846,1,https://opencorporates.com/companies/ie/262285/data
169228,UNIVERSAL CANE COMPANY IRELAND LIMITED,8048651,Official Journal Notice (Ireland),OfficialJournalNotice,IN THE MATTER OF COMPANIES ACTS 1963-2009 AND IN T,https://opencorporates.com/data/8048651,1,https://opencorporates.com/companies/ie/169228/data
419742,UNIVERSAL BUILDING PRODUCTS LIMITED,8046842,Official Journal Notice (Ireland),OfficialJournalNotice,IN THE MATTER OF THE COMPANIES ACTS 1963-2006 AND,https://opencorporates.com/data/8046842,1,https://opencorporates.com/companies/ie/419742/data
78002,UNIVERSAL BEARING SYSTEMS LIMITED,8054677,Official Journal Notice (Ireland),OfficialJournalNotice,IN THE MATTER OF THE COMPANIES ACTS 1963-2009 AND,https://opencorporates.com/data/8054677,1,https://opencorporates.com/companies/ie/78002/data
168242,MOLLOY PRIMARY EDUCATIONAL LIMITED,8040280,Official Journal Notice (Ireland),OfficialJournalNotice,IN THE MATTER OF THE COMPANIES ACTS 1963-2006 AND,https://opencorporates.com/data/8040280,1,https://opencorporates.com/companies/ie/168242/data
438310,MARTIN MOLLOY CONSTRUCTION LIMITED,8042544,Official Journal Notice (Ireland),OfficialJournalNotice,IN THE MATTER OF MARTIN MOLLOY CONSTRUCTION LIMITE,https://opencorporates.com/data/8042544,1,https://opencorporates.com/companies/ie/438310/data
169505,GERARD MOLLOY & SON MANUFACTURING LIMITED,8025878,Official Journal Notice (Ireland),OfficialJournalNotice,"558 IRIS OIFIGIU´IL, JUNE 13th, 2003 IN THE MATTER",https://opencorporates.com/data/8025878,1,https://opencorporates.com/companies/ie/169505/data
304904,CHARLIE MOLLOY BUILDERS LIMITED,8033055,Official Journal Notice (Ireland),OfficialJournalNotice,IN THE MATTER OF THE COMPANIES ACTS 1963-2005 AND,https://opencorporates.com/data/8033055,1,https://opencorporates.com/companies/ie/304904/data
406691,SHERIDAN HOSPITALITY LIMITED,8048413,Official Journal Notice (Ireland),OfficialJournalNotice,"1780 IRIS OIFIGIÚIL, NOVEMBER 26th, 2010 IN THE MA",https://opencorporates.com/data/8048413,1,https://opencorporates.com/companies/ie/406691/data
442808,SHERIDAN AUTOMATED CONTROL SOLUTIONS LIMITED,8047806,Official Journal Notice (Ireland),OfficialJournalNotice,"1546 IRIS OIFIGIÚIL, OCTOBER 8th, 2010 THE HIGH CO",https://opencorporates.com/data/8047806,1,https://opencorporates.com/companies/ie/442808/data
341652,KILBRIDE SHERIDAN & COMPANY LIMITED,8047080,Official Journal Notice (Ireland),OfficialJournalNotice,COMPANIES ACTS 1963-2009 NOTICE OF APPOINTMENT OF,https://opencorporates.com/data/8047080,2,https://opencorporates.com/companies/ie/341652/data
341652,KILBRIDE SHERIDAN & COMPANY LIMITED,8047080,Official Journal Notice (Ireland),OfficialJournalNotice,COMPANIES ACTS 1963-2009 NOTICE OF APPOINTMENT OF,https://opencorporates.com/data/8047080,2,https://opencorporates.com/companies/ie/341652/data
201679,CLOWN AROUND LIMITED,8050433,Official Journal Notice (Ireland),OfficialJournalNotice,IN THE MATTER OF CLOWN AROUND LIMITED (In Voluntar,https://opencorporates.com/data/8050433,1,https://opencorporates.com/companies/ie/201679/data
356494,DONAL RIGNEY LIMITED,8055828,Official Journal Notice (Ireland),OfficialJournalNotice,COMPANIES ACTS 1963-2012 NOTICE OF APPOINTMENT OF,https://opencorporates.com/data/8055828,1,https://opencorporates.com/companies/ie/356494/data
452390,STRONG WOOD CABINS & DECKS LIMITED,8040428,Official Journal Notice (Ireland),OfficialJournalNotice,IN THE MATTER OF THE COMPANIES ACTS 1963-2006 AND,https://opencorporates.com/data/8040428,1,https://opencorporates.com/companies/ie/452390/data
350978,D & K CASSIDY BUILDERS LIMITED,8045374,Official Journal Notice (Ireland),OfficialJournalNotice,IN THE MATTER OF THE COMPANIES ACTS 1963-2009 AND,https://opencorporates.com/data/8045374,1,https://opencorporates.com/companies/ie/350978/data
350136,CASSIDY & GRIMES PROPERTIES LIMITED,8043657,Official Journal Notice (Ireland),OfficialJournalNotice,IN THE MATTER OF THE COMPANIES ACTS 1963-2009 AND,https://opencorporates.com/data/8043657,1,https://opencorporates.com/companies/ie/350136/data
182153,VIKING SHIELD GLASS LIMITED,8041330,Official Journal Notice (Ireland),OfficialJournalNotice,"360 IRIS OIFIGIU´IL, MARCH 13th, 2009 IN THE MATTE",https://opencorporates.com/data/8041330,2,https://opencorporates.com/companies/ie/182153/data
182153,VIKING SHIELD GLASS LIMITED,8041330,Official Journal Notice (Ireland),OfficialJournalNotice,"360 IRIS OIFIGIU´IL, MARCH 13th, 2009 IN THE MATTE",https://opencorporates.com/data/8041330,2,https://opencorporates.com/companies/ie/182153/data
261140,VIKING P.V.C.U. SYSTEMS LIMITED,8044997,Official Journal Notice (Ireland),OfficialJournalNotice,IN THE MATTER OF THE COMPANIES ACTS 1963-2009 AND,https://opencorporates.com/data/8044997,1,https://opencorporates.com/companies/ie/261140/data
447051,MEDIATEK WIRELESS LIMITED,8047849,Official Journal Notice (Ireland),OfficialJournalNotice,IN THE MATTER OF MEDIATEK WIRELESS LIMITED (In Vol,https://opencorporates.com/data/8047849,1,https://opencorporates.com/companies/ie/447051/data
183550,INVESCO PROPERTIES LIMITED,8047171,Official Journal Notice (Ireland),OfficialJournalNotice,IN THE MATTER OF THE COMPANIES ACTS 1963-2009 AND,https://opencorporates.com/data/8047171,1,https://opencorporates.com/companies/ie/183550/data
462242,INVESCO MULTI-ALPHA SERIES II PUBLIC LIMITED COMPANY,2455229,Company Address,CompanyAddress,"C/O INVESCO GLOBAL ASSET MANAGEMENT LTD., GEORGE'S QUAY HOUSE, 43 TOWNSEND ST., DUBLIN L2 DUBLIN 2",https://opencorporates.com/data/2455229,2,https://opencorporates.com/companies/ie/462242/data
462242,INVESCO MULTI-ALPHA SERIES II PUBLIC LIMITED COMPANY,2455229,Company Address,CompanyAddress,"C/O INVESCO GLOBAL ASSET MANAGEMENT LTD., GEORGE'S QUAY HOUSE, 43 TOWNSEND ST., DUBLIN L2 DUBLIN 2",https://opencorporates.com/data/2455229,2,https://opencorporates.com/companies/ie/462242/data
170710,INVESCO ASSET MANAGEMENT IRELAND LIMITED,8047169,Official Journal Notice (Ireland),OfficialJournalNotice,"IRIS OIFIGIÚIL, AUGUST 3rd, 2010 1087 IN THE MATTE",https://opencorporates.com/data/8047169,1,https://opencorporates.com/companies/ie/170710/data
87479,NATIONAL ADHESIVES (IRELAND) LIMITED,8034561,Official Journal Notice (Ireland),OfficialJournalNotice,THE COMPANIES ACTS 1963-2005 SPECIAL RESOLUTION OF,https://opencorporates.com/data/8034561,1,https://opencorporates.com/companies/ie/87479/data
346304,CHUBB FINANCIAL PRODUCTS (IRELAND) LIMITED,8029713,Official Journal Notice (Ireland),OfficialJournalNotice,IN THE MATTER OF THE COMPANIES ACTS 1963-2001 AND,https://opencorporates.com/data/8029713,1,https://opencorporates.com/companies/ie/346304/data
422259,HARKNESS SCREENS INTERNATIONAL LIMITED,5565806,Company Address,CompanyAddress,"82 Merrion Square, Dublin 2, IE",https://opencorporates.com/data/5565806,2,https://opencorporates.com/companies/ie/422259/data
422259,HARKNESS SCREENS INTERNATIONAL LIMITED,5565806,Company Address,CompanyAddress,"82 Merrion Square, Dublin 2, IE",https://opencorporates.com/data/5565806,2,https://opencorporates.com/companies/ie/422259/data
109105,INTUITION PUBLISHING LIMITED,5730514,Company Address,CompanyAddress,"IFSC House,, International Financial Services Centre,, Custom House Quay, Dublin 1, IE",https://opencorporates.com/data/5730514,4,https://opencorporates.com/companies/ie/109105/data
109105,INTUITION PUBLISHING LIMITED,5730514,Company Address,CompanyAddress,"IFSC House,, International Financial Services Centre,, Custom House Quay, Dublin 1, IE",https://opencorporates.com/data/5730514,4,https://opencorporates.com/companies/ie/109105/data
109105,INTUITION PUBLISHING LIMITED,5730514,Company Address,CompanyAddress,"IFSC House,, International Financial Services Centre,, Custom House Quay, Dublin 1, IE",https://opencorporates.com/data/5730514,4,https://opencorporates.com/companies/ie/109105/data
109105,INTUITION PUBLISHING LIMITED,5730514,Company Address,CompanyAddress,"IFSC House,, International Financial Services Centre,, Custom House Quay, Dublin 1, IE",https://opencorporates.com/data/5730514,4,https://opencorporates.com/companies/ie/109105/data
349669,RATHKEALE ADVANCE FACTORY LIMITED,8044151,Official Journal Notice (Ireland),OfficialJournalNotice,IN THE MATTER OF THE COMPANIES ACTS 1963-2009 AND,https://opencorporates.com/data/8044151,1,https://opencorporates.com/companies/ie/349669/data
281537,BIRR ADVANCE FACTORY CO. LIMITED,8031818,Official Journal Notice (Ireland),OfficialJournalNotice,COMPANIES ACTS 1963-2003 IN THE MATTER OF BIRR ADV,https://opencorporates.com/data/8031818,1,https://opencorporates.com/companies/ie/281537/data
93737,ADVANCE PRINT & STATIONERY LIMITED,8028940,Official Journal Notice (Ireland),OfficialJournalNotice,IN THE MATTER OF THE COMPANIES ACTS 1963-2001 AND,https://opencorporates.com/data/8028940,1,https://opencorporates.com/companies/ie/93737/data
265086,ABILITY NETSYSTEMS LIMITED,8050482,Official Journal Notice (Ireland),OfficialJournalNotice,"IRIS OIFIGIÚIL, MAY 20th, 2011 693 IN THE MATTER O",https://opencorporates.com/data/8050482,1,https://opencorporates.com/companies/ie/265086/data
411224,TILE FACTORY CASH & CARRY LIMITED,8041469,Official Journal Notice (Ireland),OfficialJournalNotice,IN THE MATTER OF TILE FACTORY CASH &amp; CARRY LIM,https://opencorporates.com/data/8041469,1,https://opencorporates.com/companies/ie/411224/data
148990,CASH FLOW SERVICES LIMITED,8048202,Official Journal Notice (Ireland),OfficialJournalNotice,"1704 IRIS OIFIGIÚIL, NOVEMBER 12th, 2010 THE HIGH",https://opencorporates.com/data/8048202,4,https://opencorporates.com/companies/ie/148990/data
148990,CASH FLOW SERVICES LIMITED,8048202,Official Journal Notice (Ireland),OfficialJournalNotice,"1704 IRIS OIFIGIÚIL, NOVEMBER 12th, 2010 THE HIGH",https://opencorporates.com/data/8048202,4,https://opencorporates.com/companies/ie/148990/data
148990,CASH FLOW SERVICES LIMITED,8048202,Official Journal Notice (Ireland),OfficialJournalNotice,"1704 IRIS OIFIGIÚIL, NOVEMBER 12th, 2010 THE HIGH",https://opencorporates.com/data/8048202,4,https://opencorporates.com/companies/ie/148990/data
148990,CASH FLOW SERVICES LIMITED,8048202,Official Journal Notice (Ireland),OfficialJournalNotice,"1704 IRIS OIFIGIÚIL, NOVEMBER 12th, 2010 THE HIGH",https://opencorporates.com/data/8048202,4,https://opencorporates.com/companies/ie/148990/data
120819,BAN ARD CASH & CARRY LIMITED,8028527,Official Journal Notice (Ireland),OfficialJournalNotice,THE HIGH COURT Record No. 2004 289 COS IN THE MATT,https://opencorporates.com/data/8028527,3,https://opencorporates.com/companies/ie/120819/data
120819,BAN ARD CASH & CARRY LIMITED,8028527,Official Journal Notice (Ireland),OfficialJournalNotice,THE HIGH COURT Record No. 2004 289 COS IN THE MATT,https://opencorporates.com/data/8028527,3,https://opencorporates.com/companies/ie/120819/data
120819,BAN ARD CASH & CARRY LIMITED,8028527,Official Journal Notice (Ireland),OfficialJournalNotice,THE HIGH COURT Record No. 2004 289 COS IN THE MATT,https://opencorporates.com/data/8028527,3,https://opencorporates.com/companies/ie/120819/data
267240,KIMPTON VALE LIMITED,8052326,Official Journal Notice (Ireland),OfficialJournalNotice,THE HIGH COURT 2011 No. 480 COS IN THE MATTER OF T,https://opencorporates.com/data/8052326,1,https://opencorporates.com/companies/ie/267240/data
238792,GOLDEN VALE NORTH LIMITED,8032106,Official Journal Notice (Ireland),OfficialJournalNotice,IN THE MATTER OF THE COMPANIES ACTS 1963-2003 AND,https://opencorporates.com/data/8032106,1,https://opencorporates.com/companies/ie/238792/data
160955,GOLDEN VALE LIMITED,5860897,Company Address,CompanyAddress,"Charleville, County Cork, IE",https://opencorporates.com/data/5860897,1,https://opencorporates.com/companies/ie/160955/data
201534,CRESENT VALE LIMITED,8030178,Official Journal Notice (Ireland),OfficialJournalNotice,IN THE MATTER OF CRESENT VALE LIMITED (In Voluntar,https://opencorporates.com/data/8030178,2,https://opencorporates.com/companies/ie/201534/data
201534,CRESENT VALE LIMITED,8030178,Official Journal Notice (Ireland),OfficialJournalNotice,IN THE MATTER OF CRESENT VALE LIMITED (In Voluntar,https://opencorporates.com/data/8030178,2,https://opencorporates.com/companies/ie/201534/data
175519,SHERRY BROTHERS HOLDINGS LIMITED,8051027,Official Journal Notice (Ireland),OfficialJournalNotice,"914 IRIS OIFIGIÚIL, JULY 5th, 2011 COMPANIES ACTS",https://opencorporates.com/data/8051027,1,https://opencorporates.com/companies/ie/175519/data
26878,SHERRY BROTHERS LIMITED,8056690,Official Journal Notice (Ireland),OfficialJournalNotice,THE COMPANIES ACTS 1963-2009 SHERRY BROTHERS LIMIT,https://opencorporates.com/data/8056690,1,https://opencorporates.com/companies/ie/26878/data
464113,CODEX TAVERNS LIMITED,8049021,Official Journal Notice (Ireland),OfficialJournalNotice,THE HIGH COURT 2011 No. 13 COS IN THE MATTER OF CO,https://opencorporates.com/data/8049021,2,https://opencorporates.com/companies/ie/464113/data
464113,CODEX TAVERNS LIMITED,8049021,Official Journal Notice (Ireland),OfficialJournalNotice,THE HIGH COURT 2011 No. 13 COS IN THE MATTER OF CO,https://opencorporates.com/data/8049021,2,https://opencorporates.com/companies/ie/464113/data
340013,MICHAEL COFFEY CONSULTANT SERVICES LIMITED,8028692,Official Journal Notice (Ireland),OfficialJournalNotice,IN THE MATTER OF THE COMPANIES ACTS 1963-2003 AND,https://opencorporates.com/data/8028692,1,https://opencorporates.com/companies/ie/340013/data
152947,BIO-MEDICAL RESEARCH LIMITED,5734995,Company Address,CompanyAddress,"BMR House,, Parkmore Business Park West, Galway, IE",https://opencorporates.com/data/5734995,7,https://opencorporates.com/companies/ie/152947/data
152947,BIO-MEDICAL RESEARCH LIMITED,5734995,Company Address,CompanyAddress,"BMR House,, Parkmore Business Park West, Galway, IE",https://opencorporates.com/data/5734995,7,https://opencorporates.com/companies/ie/152947/data
152947,BIO-MEDICAL RESEARCH LIMITED,5734995,Company Address,CompanyAddress,"BMR House,, Parkmore Business Park West, Galway, IE",https://opencorporates.com/data/5734995,7,https://opencorporates.com/companies/ie/152947/data
152947,BIO-MEDICAL RESEARCH LIMITED,5734995,Company Address,CompanyAddress,"BMR House,, Parkmore Business Park West, Galway, IE",https://opencorporates.com/data/5734995,7,https://opencorporates.com/companies/ie/152947/data
152947,BIO-MEDICAL RESEARCH LIMITED,5734995,Company Address,CompanyAddress,"BMR House,, Parkmore Business Park West, Galway, IE",https://opencorporates.com/data/5734995,7,https://opencorporates.com/companies/ie/152947/data
152947,BIO-MEDICAL RESEARCH LIMITED,5734995,Company Address,CompanyAddress,"BMR House,, Parkmore Business Park West, Galway, IE",https://opencorporates.com/data/5734995,7,https://opencorporates.com/companies/ie/152947/data
152947,BIO-MEDICAL RESEARCH LIMITED,5734995,Company Address,CompanyAddress,"BMR House,, Parkmore Business Park West, Galway, IE",https://opencorporates.com/data/5734995,7,https://opencorporates.com/companies/ie/152947/data
107231,SUNBRITE FOUR SEASONS LIMITED,8029663,Official Journal Notice (Ireland),OfficialJournalNotice,"10 IRIS OIFIGIU´IL, JANUARY 4th, 2005 THE HIGH COU",https://opencorporates.com/data/8029663,1,https://opencorporates.com/companies/ie/107231/data
428032,SEPE IRELAND FOUR LIMITED,8042294,Official Journal Notice (Ireland),OfficialJournalNotice,IN THE MATTER OF THE COMPANIES ACTS 1963-2006 AND,https://opencorporates.com/data/8042294,1,https://opencorporates.com/companies/ie/428032/data
356291,FOUR SEASON'S MARQUEES LIMITED,8039420,Official Journal Notice (Ireland),OfficialJournalNotice,IN THE MATTER OF FOUR SEASONS MARQUEES LIMITED (In,https://opencorporates.com/data/8039420,1,https://opencorporates.com/companies/ie/356291/data
276132,FOUR SEASONS FAITHLEGG LIMITED,8044768,Official Journal Notice (Ireland),OfficialJournalNotice,IN THE MATTER OF FOUR SEASONS FAITHLEGG LIMITED (I,https://opencorporates.com/data/8044768,1,https://opencorporates.com/companies/ie/276132/data
151934,FOUR PRINT LIMITED,8046251,Official Journal Notice (Ireland),OfficialJournalNotice,"694 IRIS OIFIGIU´IL, MAY 14th, 2010 IN THE MATTER",https://opencorporates.com/data/8046251,1,https://opencorporates.com/companies/ie/151934/data
351743,FOUR J'S DEVELOPMENT TOOLS EUROPE LIMITED,39388118,Company Address,CompanyAddress,"C/O Inforad House, Smithstown Industrial Estate, Shannon, Co. Clare, IE",https://opencorporates.com/data/39388118,1,https://opencorporates.com/companies/ie/351743/data
222275,ELAN FOUR LIMITED,2455403,Company Address,CompanyAddress,"TREASURY BUILDING, LOWER GRAND CANAL STREET, DUBLIN L2 2",https://opencorporates.com/data/2455403,2,https://opencorporates.com/companies/ie/222275/data
222275,ELAN FOUR LIMITED,2455403,Company Address,CompanyAddress,"TREASURY BUILDING, LOWER GRAND CANAL STREET, DUBLIN L2 2",https://opencorporates.com/data/2455403,2,https://opencorporates.com/companies/ie/222275/data
362142,DEPFA HOLD FOUR LIMITED,8043640,Official Journal Notice (Ireland),OfficialJournalNotice,"1326 IRIS OIFIGIU´IL, OCTOBER 9th, 2009 IN THE MAT",https://opencorporates.com/data/8043640,2,https://opencorporates.com/companies/ie/362142/data
362142,DEPFA HOLD FOUR LIMITED,8043640,Official Journal Notice (Ireland),OfficialJournalNotice,"1326 IRIS OIFIGIU´IL, OCTOBER 9th, 2009 IN THE MAT",https://opencorporates.com/data/8043640,2,https://opencorporates.com/companies/ie/362142/data
260852,"ALE-FOUR, LIMITED",8036307,Official Journal Notice (Ireland),OfficialJournalNotice,IN THE MATTER OF THE COMPANIES ACTS 1963-2006 AND,https://opencorporates.com/data/8036307,1,https://opencorporates.com/companies/ie/260852/data
272326,SIMON ALLEN LIMITED,8036655,Official Journal Notice (Ireland),OfficialJournalNotice,IN THE MATTER OF SIMON ALLEN LIMITED (In Voluntary,https://opencorporates.com/data/8036655,1,https://opencorporates.com/companies/ie/272326/data
10312,"B. E. ALLEN AND SON, LIMITED",8036898,Official Journal Notice (Ireland),OfficialJournalNotice,IN THE MATTER OF THE COMPANIES ACTS 1963-2006 IN T,https://opencorporates.com/data/8036898,1,https://opencorporates.com/companies/ie/10312/data
143979,"ALLEN, MCGUIRE & PARTNERS LIMITED",8033272,Official Journal Notice (Ireland),OfficialJournalNotice,IN THE MATTER OF THE COMPANIES ACTS 1963-2005 AND,https://opencorporates.com/data/8033272,1,https://opencorporates.com/companies/ie/143979/data
336020,ALLEN-KIRWAN CONSTRUCTION LIMITED,8051524,Official Journal Notice (Ireland),OfficialJournalNotice,IN THE MATTER OF THE COMPANIES ACTS 1963-2009 AND,https://opencorporates.com/data/8051524,1,https://opencorporates.com/companies/ie/336020/data
476429,NORTHWEST BARS (CARRICK ON SHANNON) LIMITED,8056369,Official Journal Notice (Ireland),OfficialJournalNotice,THE HIGH COURT 2012 No. 389 COS IN THE MATTER OF N,https://opencorporates.com/data/8056369,1,https://opencorporates.com/companies/ie/476429/data
